<?xml version="1.0" encoding="UTF-8"?>
<!--

    BleachBit
    Copyright (C) 2008-2020 Andrew Ziem
    https://www.bleachbit.org

    This program is free software: you can redistribute it and/or modify
    it under the terms of the GNU General Public License as published by
    the Free Software Foundation, either version 3 of the License, or
    (at your option) any later version.

    This program is distributed in the hope that it will be useful,
    but WITHOUT ANY WARRANTY; without even the implied warranty of
    MERCHANTABILITY or FITNESS FOR A PARTICULAR PURPOSE.  See the
    GNU General Public License for more details.

    You should have received a copy of the GNU General Public License
    along with this program.  If not, see <http://www.gnu.org/licenses/>.

-->
<cleaner id="adobe_reader">
  <label>Adobe Reader</label>
  <description>Document viewer</description>
  <running type="exe">acroread</running>
  <option id="cache">
    <label>Cache</label>
    <description>Delete the cache</description>
    <action command="delete" search="walk.files" path="~/.adobe/Acrobat/*/Cache"/>
    <action command="delete" search="walk.files" path="$localappdata\Adobe\Acrobat\*\Cache"/>
    <action command="delete" search="glob" path="$USERPROFILE\AppData\LocalLow\Adobe\Acrobat\9.0\Search\*.idx"/>
  </option>
  <option id="mru">
    <label>Most recently used</label>
    <description>Delete the list of recently used documents</description>
    <action command="delete" search="file" path="~/.adobe/Acrobat/*/Preferences/reader_prefs"/>
    <action command="winreg" path="HKCU\Software\Adobe\Acrobat Reader\5.0\AVGeneral\cRecentFiles"/>
    <action command="winreg" path="HKCU\Software\Adobe\Acrobat Reader\6.0\AVGeneral\cRecentFiles"/>
    <action command="winreg" path="HKCU\Software\Adobe\Acrobat Reader\7.0\AVGeneral\cRecentFiles"/>
    <action command="winreg" path="HKCU\Software\Adobe\Acrobat Reader\8.0\AVGeneral\cRecentFiles"/>
    <action command="winreg" path="HKCU\Software\Adobe\Acrobat Reader\9.0\AVGeneral\cRecentFiles"/>
    <action command="winreg" path="HKCU\Software\Adobe\Acrobat Reader\10.0\AVGeneral\cRecentFiles"/>
    <action command="winreg" path="HKCU\Software\Adobe\Acrobat Reader\11.0\AVGeneral\cRecentFiles"/>
  </option>
  <option id="tmp">
    <label>Temporary files</label>
    <description>Delete the temporary files</description>
    <action command="delete" search="glob" path="/dev/shm/sem.ADBE_*_$LOGNAME"/>
  </option>
</cleaner>
