<?xml version="1.0" encoding="UTF-8"?>
<!--

    BleachBit
    Copyright (C) 2008-2020 Andrew Ziem
    https://www.bleachbit.org

    This program is free software: you can redistribute it and/or modify
    it under the terms of the GNU General Public License as published by
    the Free Software Foundation, either version 3 of the License, or
    (at your option) any later version.

    This program is distributed in the hope that it will be useful,
    but WITHOUT ANY WARRANTY; without even the implied warranty of
    MERCHANTABILITY or FITNESS FOR A PARTICULAR PURPOSE.  See the
    GNU General Public License for more details.

    You should have received a copy of the GNU General Public License
    along with this program.  If not, see <http://www.gnu.org/licenses/>.

-->
<cleaner id="gimp">
  <label>GIMP</label>
  <description>Graphics editor</description>
  <option id="tmp">
    <label>Temporary files</label>
    <description>Delete the temporary files</description>
    <!-- GIMP uses identical paths on Chakra 2014.05, Fedora 10, Windows XP, and Windows 7 -->
    <action command="delete" search="walk.files" path="~/.gimp-2.4/tmp/"/>
    <action command="delete" search="walk.files" path="~/.gimp-2.6/tmp/"/>
    <action command="delete" search="walk.files" path="~/.gimp-2.8/tmp/"/>
  </option>
</cleaner>
