<?xml version="1.0" encoding="UTF-8"?>
<!--

    BleachBit
    Copyright (C) 2008-2020 Andrew Ziem
    https://www.bleachbit.org

    This program is free software: you can redistribute it and/or modify
    it under the terms of the GNU General Public License as published by
    the Free Software Foundation, either version 3 of the License, or
    (at your option) any later version.

    This program is distributed in the hope that it will be useful,
    but WITHOUT ANY WARRANTY; without even the implied warranty of
    MERCHANTABILITY or FITNESS FOR A PARTICULAR PURPOSE.  See the
    GNU General Public License for more details.

    You should have received a copy of the GNU General Public License
    along with this program.  If not, see <http://www.gnu.org/licenses/>.

FIXME: Because this uses deep scan, BleachBit assumes it exists, so
it shows up for all users on Windows and Linux. Develop a way to
hide VIM, unless it is really installed.

-->
<cleaner id="vim">
  <label>VIM</label>
  <description>Editor</description>
  <option id="history">
    <label>History</label>
    <description>Delete ~/.viminfo which includes file history, command history, and buffers</description>
    <action command="delete" search="file" path="~/.viminfo"/>
    <action command="delete" search="file" path="$USERPROFILE\_viminfo"/>
  </option>
</cleaner>
